{"cameraMode":{"drawMode":0,"name":"Shaded","section":"Shading Mode"},"sceneLighting":true,"audioPlay":false,"sceneViewState":{"showFog":true,"showMaterialUpdate":false,"showSkybox":true,"showFlares":true,"showImageEffects":true,"showParticleSystems":true},"in2DMode":false,"pivot":{"x":6.396574974060059,"y":2.1013681888580324,"z":11.40024185180664},"rotation":{"x":-0.009636583738029004,"y":0.9782313108444214,"z":-0.2021806538105011,"w":-0.04670005291700363},"size":2.493098735809326,"orthographic":false}