{"cameraMode":{"drawMode":0,"name":"Shaded","section":"Shading Mode"},"sceneLighting":false,"audioPlay":false,"sceneViewState":{"showFog":true,"showMaterialUpdate":false,"showSkybox":false,"showFlares":true,"showImageEffects":true,"showParticleSystems":true},"in2DMode":false,"pivot":{"x":-0.22064009308815003,"y":1.8152085542678834,"z":-0.5627129673957825},"rotation":{"x":-0.017074963077902795,"y":0.9529746770858765,"z":-0.054674312472343448,"w":-0.29760998487472536},"size":2.3241631984710695,"orthographic":false}