{"cameraMode":{"drawMode":0,"name":"Shaded","section":"Shading Mode"},"sceneLighting":false,"audioPlay":false,"sceneViewState":{"showFog":true,"showMaterialUpdate":false,"showSkybox":false,"showFlares":true,"showImageEffects":true,"showParticleSystems":true},"in2DMode":false,"pivot":{"x":84.43092346191406,"y":1.6565947532653809,"z":10.175742149353028},"rotation":{"x":-0.00009994133142754436,"y":0.9962623715400696,"z":-0.08670298010110855,"w":-0.0011951879132539034},"size":1.967214584350586,"orthographic":false}